SKU,Product_Name,Brand,Category,Stock_Count,Price,Aisle,Section,Shelf
SKU100100,Organic Fuji Apples 3lb Bag,FreshFarm,Fruits,94,3.99,A - Fresh Produce,A1,Bottom Shelf (1)
SKU100101,Red Seedless Grapes 2lb,SunHarvest,Fruits,94,4.29,A - Fresh Produce,A2,Lower-Middle Shelf (2)
SKU100102,Navel Oranges 4lb Bag,CitrusGrove,Fruits,4,5.49,A - Fresh Produce,A1,Top Shelf (4)
SKU100103,Bananas (bunch ~5),TropicFresh,Fruits,64,1.29,A - Fresh Produce,A2,Lower-Middle Shelf (2)
SKU100104,Strawberries 1lb,BerryBest,Fruits,28,3.49,A - Fresh Produce,A2,Top Shelf (4)
SKU100105,Blueberries 6oz,BerryBest,Fruits,97,2.99,A - Fresh Produce,A3,Bottom Shelf (1)
SKU100106,Avocado (each),GreenGold,Fruits,35,0.99,A - Fresh Produce,A4,Upper-Middle Shelf (3)
SKU100107,Mango (each),TropicFresh,Fruits,11,1.49,A - Fresh Produce,A3,Bottom Shelf (1)
SKU100108,Pineapple (whole),TropicFresh,Fruits,77,3.29,A - Fresh Produce,A3,Upper-Middle Shelf (3)
SKU100109,Watermelon (whole),SunHarvest,Fruits,68,7.99,A - Fresh Produce,A1,Top Shelf (4)
SKU100110,Roma Tomatoes 2lb,FreshFarm,Vegetables,70,2.49,A - Fresh Produce,A4,Bottom Shelf (1)
SKU100111,Broccoli Crown,GreenGrow,Vegetables,90,1.99,A - Fresh Produce,A3,Lower-Middle Shelf (2)
SKU100112,Spinach 5oz bag,GreenGrow,Vegetables,10,2.99,A - Fresh Produce,A2,Upper-Middle Shelf (3)
SKU100113,Russet Potatoes 5lb,EarthFresh,Vegetables,35,4.29,A - Fresh Produce,A1,Top Shelf (4)
SKU100114,Yellow Onions 3lb,EarthFresh,Vegetables,47,2.29,A - Fresh Produce,A3,Lower-Middle Shelf (2)
SKU100115,Garlic Bulb (each),EarthFresh,Vegetables,77,0.69,A - Fresh Produce,A3,Bottom Shelf (1)
SKU100116,Baby Carrots 1lb,CrunchFarm,Vegetables,59,1.49,A - Fresh Produce,A2,Lower-Middle Shelf (2)
SKU100117,Celery Stalks,GreenGrow,Vegetables,107,1.79,A - Fresh Produce,A2,Upper-Middle Shelf (3)
SKU100118,Bell Peppers (3-pack mixed),ColorVeg,Vegetables,51,3.49,A - Fresh Produce,A1,Upper-Middle Shelf (3)
SKU100119,Cucumber (each),FreshFarm,Vegetables,27,0.89,A - Fresh Produce,A2,Upper-Middle Shelf (3)
SKU100120,Zucchini (each),FreshFarm,Vegetables,33,0.99,A - Fresh Produce,A4,Lower-Middle Shelf (2)
SKU100121,Sweet Corn (each),SunHarvest,Vegetables,114,0.79,A - Fresh Produce,A3,Top Shelf (4)
SKU100122,Iceberg Lettuce (head),GreenGrow,Vegetables,65,1.49,A - Fresh Produce,A2,Lower-Middle Shelf (2)
SKU100123,Romaine Hearts 3-pack,GreenGrow,Vegetables,19,3.29,A - Fresh Produce,A1,Bottom Shelf (1)
SKU100124,Cherry Tomatoes 10oz,TomatoKing,Vegetables,49,3.49,A - Fresh Produce,A4,Bottom Shelf (1)
SKU100125,Whole Milk 1 Gallon,DairyPure,Milk,70,3.79,B - Dairy & Eggs,B4,Upper-Middle Shelf (3)
SKU100126,2% Reduced Fat Milk 1 Gallon,DairyPure,Milk,98,3.79,B - Dairy & Eggs,B1,Upper-Middle Shelf (3)
SKU100127,Oat Milk Original 64oz,OatlyFarm,Milk Alternatives,20,4.99,B - Dairy & Eggs,B3,Top Shelf (4)
SKU100128,Almond Milk Unsweetened 64oz,NutriNut,Milk Alternatives,64,3.99,B - Dairy & Eggs,B3,Lower-Middle Shelf (2)
SKU100129,Large Eggs 12-count,SunnySide,Eggs,19,3.49,B - Dairy & Eggs,B3,Lower-Middle Shelf (2)
SKU100130,Cage-Free Eggs 18-count,HappyHen,Eggs,76,5.49,B - Dairy & Eggs,B2,Bottom Shelf (1)
SKU100131,Salted Butter 4 sticks,CreamyTop,Butter,118,5.29,B - Dairy & Eggs,B1,Bottom Shelf (1)
SKU100132,Greek Yogurt Plain 32oz,ChobaniPlus,Yogurt,7,5.49,B - Dairy & Eggs,B3,Lower-Middle Shelf (2)
SKU100133,Strawberry Yogurt 6-pack,YoplaitFresh,Yogurt,93,4.29,B - Dairy & Eggs,B1,Bottom Shelf (1)
SKU100134,Shredded Mozzarella 2lb,GaldaCheese,Cheese,16,7.49,B - Dairy & Eggs,B1,Lower-Middle Shelf (2)
SKU100135,Sliced American Cheese 16oz,KraftValu,Cheese,67,4.49,B - Dairy & Eggs,B2,Upper-Middle Shelf (3)
SKU100136,Cream Cheese 8oz,PhillyFarm,Cheese,51,2.99,B - Dairy & Eggs,B2,Upper-Middle Shelf (3)
SKU100137,Sour Cream 16oz,DairyPure,Cream,31,2.49,B - Dairy & Eggs,B4,Bottom Shelf (1)
SKU100138,Heavy Whipping Cream 1pt,DairyPure,Cream,75,3.49,B - Dairy & Eggs,B3,Bottom Shelf (1)
SKU100139,Boneless Chicken Breast 2lb,FarmFirst,Poultry,9,6.99,C - Meat & Seafood,C2,Bottom Shelf (1)
SKU100140,Chicken Thighs Bone-In 3lb,FarmFirst,Poultry,110,7.49,C - Meat & Seafood,C1,Bottom Shelf (1)
SKU100141,Ground Turkey 93/7 1lb,FarmFirst,Poultry,85,5.49,C - Meat & Seafood,C2,Upper-Middle Shelf (3)
SKU100142,85/15 Ground Beef 1lb,RanchSelect,Beef,31,5.29,C - Meat & Seafood,C2,Top Shelf (4)
SKU100143,Beef Sirloin Steak 1lb,RanchSelect,Beef,12,9.99,C - Meat & Seafood,C4,Lower-Middle Shelf (2)
SKU100144,Pork Tenderloin 1.5lb,PrimeChop,Pork,54,7.99,C - Meat & Seafood,C4,Upper-Middle Shelf (3)
SKU100145,Bacon 16oz,SmokeHouse,Pork,7,5.99,C - Meat & Seafood,C1,Bottom Shelf (1)
SKU100146,Salmon Fillet 1lb,OceanCatch,Seafood,31,8.99,C - Meat & Seafood,C3,Bottom Shelf (1)
SKU100147,Tilapia Fillets 1lb,OceanCatch,Seafood,54,5.99,C - Meat & Seafood,C4,Lower-Middle Shelf (2)
SKU100148,Shrimp 31-40ct 1lb,SeaPrime,Seafood,111,8.49,C - Meat & Seafood,C4,Lower-Middle Shelf (2)
SKU100149,White Sandwich Bread 20oz,WonderBake,Bread,83,2.99,D - Bakery & Bread,D1,Bottom Shelf (1)
SKU100150,Whole Wheat Bread 20oz,WonderBake,Bread,52,3.29,D - Bakery & Bread,D2,Lower-Middle Shelf (2)
SKU100151,Sourdough Loaf,CrustCraft,Artisan Bread,115,4.49,D - Bakery & Bread,D2,Top Shelf (4)
SKU100152,Bagels 6-pack,BagelBros,Bagels,49,3.79,D - Bakery & Bread,D4,Bottom Shelf (1)
SKU100153,English Muffins 6-pack,ThomasStyle,Muffins,54,3.49,D - Bakery & Bread,D4,Upper-Middle Shelf (3)
SKU100154,Croissants 4-pack,PastryCo,Pastry,27,4.99,D - Bakery & Bread,D2,Upper-Middle Shelf (3)
SKU100155,Blueberry Muffins 4-pack,BakeHouse,Muffins,7,4.49,D - Bakery & Bread,D1,Upper-Middle Shelf (3)
SKU100156,Chocolate Cake Slice,BakeHouse,Cakes,7,3.99,D - Bakery & Bread,D4,Lower-Middle Shelf (2)
SKU100157,Flour Tortillas 10-pack,MissionBake,Tortillas,76,3.49,D - Bakery & Bread,D2,Bottom Shelf (1)
SKU100158,Corn Tortillas 30-pack,MissionBake,Tortillas,15,3.79,D - Bakery & Bread,D2,Top Shelf (4)
SKU100159,Frozen Broccoli 12oz,BirdsEyeFarm,Frozen Vegetables,53,2.29,E - Frozen Foods,E1,Bottom Shelf (1)
SKU100160,Frozen Mixed Vegetables 16oz,BirdsEyeFarm,Frozen Vegetables,85,2.49,E - Frozen Foods,E3,Lower-Middle Shelf (2)
SKU100161,Frozen Corn 16oz,GreenGiant,Frozen Vegetables,16,1.99,E - Frozen Foods,E3,Top Shelf (4)
SKU100162,Frozen Peas 16oz,GreenGiant,Frozen Vegetables,1,1.99,E - Frozen Foods,E3,Bottom Shelf (1)
SKU100163,Pepperoni Pizza 12in,DiGiornoStyle,Frozen Pizza,68,6.99,E - Frozen Foods,E1,Bottom Shelf (1)
SKU100164,Cheese Pizza 12in,DiGiornoStyle,Frozen Pizza,119,6.49,E - Frozen Foods,E3,Lower-Middle Shelf (2)
SKU100165,Chicken Nuggets 32oz,TysonFarm,Frozen Chicken,47,7.99,E - Frozen Foods,E1,Lower-Middle Shelf (2)
SKU100166,Fish Sticks 24oz,GordonStyle,Frozen Seafood,78,5.49,E - Frozen Foods,E4,Upper-Middle Shelf (3)
SKU100167,Frozen Waffles 10-count,EggoStyle,Frozen Breakfast,120,3.79,E - Frozen Foods,E3,Bottom Shelf (1)
SKU100168,Ice Cream Vanilla 1.5qt,BreemerStyle,Ice Cream,95,5.49,E - Frozen Foods,E1,Bottom Shelf (1)
SKU100169,Ice Cream Chocolate 1.5qt,BreemerStyle,Ice Cream,91,5.49,E - Frozen Foods,E3,Lower-Middle Shelf (2)
SKU100170,Frozen Burritos 8-pack,ElMontereyStyle,Frozen Meals,32,6.49,E - Frozen Foods,E3,Top Shelf (4)
SKU100171,Frozen Stir Fry Vegetables 16oz,BirdsEyeFarm,Frozen Vegetables,5,2.99,E - Frozen Foods,E4,Upper-Middle Shelf (3)
SKU100172,Edamame Shelled 16oz,SeaBestFarm,Frozen Vegetables,20,3.49,E - Frozen Foods,E2,Upper-Middle Shelf (3)
SKU100173,Frozen French Fries 32oz,OreIdaStyle,Frozen Sides,14,4.49,E - Frozen Foods,E4,Bottom Shelf (1)
SKU100174,Purified Water 24-pack 16.9oz,AquaPure,Water,106,3.99,F - Beverages,F2,Bottom Shelf (1)
SKU100175,Sparkling Water 12-pack,LaCroixStyle,Sparkling Water,16,5.49,F - Beverages,F2,Top Shelf (4)
SKU100176,Cola Soda 12-pack 12oz,ColaKing,Soda,115,5.99,F - Beverages,F3,Bottom Shelf (1)
SKU100177,Diet Cola 12-pack 12oz,ColaKing,Soda,45,5.99,F - Beverages,F2,Bottom Shelf (1)
SKU100178,Lemon-Lime Soda 12-pack 12oz,CitrusPop,Soda,110,5.99,F - Beverages,F2,Lower-Middle Shelf (2)
SKU100179,Orange Juice 52oz,TropicOrange,Juice,3,4.49,F - Beverages,F2,Top Shelf (4)
SKU100180,Apple Juice 64oz,MottsStyle,Juice,102,3.99,F - Beverages,F3,Top Shelf (4)
SKU100181,Cranberry Juice Cocktail 64oz,OceanSpray,Juice,48,4.29,F - Beverages,F2,Bottom Shelf (1)
SKU100182,Whole Bean Coffee 12oz,StarbucksMix,Coffee,25,9.99,F - Beverages,F4,Lower-Middle Shelf (2)
SKU100183,Ground Coffee Medium Roast 30oz,FolgersMix,Coffee,28,8.49,F - Beverages,F3,Lower-Middle Shelf (2)
SKU100184,Black Tea Bags 100-count,LiptonStyle,Tea,42,4.49,F - Beverages,F2,Top Shelf (4)
SKU100185,Green Tea Bags 40-count,BigelowStyle,Tea,44,4.29,F - Beverages,F1,Upper-Middle Shelf (3)
SKU100186,Sports Drink Lemon 8-pack 20oz,GatorStyle,Sports Drinks,14,7.49,F - Beverages,F3,Bottom Shelf (1)
SKU100187,Energy Drink 4-pack 16oz,MonsterStyle,Energy Drinks,13,9.99,F - Beverages,F3,Bottom Shelf (1)
SKU100188,Coconut Water 1lt,VitaCoco,Coconut Water,77,3.49,F - Beverages,F3,Top Shelf (4)
SKU100189,Potato Chips Original 8oz,LayStyle,Chips,5,4.29,G - Snacks & Confectionery,G2,Upper-Middle Shelf (3)
SKU100190,Tortilla Chips 13oz,TostitoStyle,Chips,55,4.49,G - Snacks & Confectionery,G2,Upper-Middle Shelf (3)
SKU100191,Pretzels Twists 16oz,RoldsStyle,Pretzels,84,3.99,G - Snacks & Confectionery,G3,Upper-Middle Shelf (3)
SKU100192,Popcorn Butter 3-pack,OrvStyle,Popcorn,85,3.49,G - Snacks & Confectionery,G3,Upper-Middle Shelf (3)
SKU100193,Mixed Nuts 16oz,PlantFarm,Nuts,70,8.99,G - Snacks & Confectionery,G4,Upper-Middle Shelf (3)
SKU100194,Trail Mix 30oz,SunMaidFarm,Nuts,86,9.49,G - Snacks & Confectionery,G4,Top Shelf (4)
SKU100195,Granola Bars Variety 18-count,NatureValStyle,Bars,70,8.99,G - Snacks & Confectionery,G3,Top Shelf (4)
SKU100196,Rice Cakes 4.5oz,QuakerStyle,Rice Cakes,55,2.99,G - Snacks & Confectionery,G3,Lower-Middle Shelf (2)
SKU100197,Chocolate Chip Cookies 13oz,ChipsAhoyStyle,Cookies,86,4.49,G - Snacks & Confectionery,G4,Top Shelf (4)
SKU100198,Oreo Sandwich Cookies 14.3oz,OreoCo,Cookies,84,4.49,G - Snacks & Confectionery,G4,Lower-Middle Shelf (2)
SKU100199,Crackers Original 13.7oz,RitzStyle,Crackers,104,3.99,G - Snacks & Confectionery,G3,Bottom Shelf (1)
SKU100200,Graham Crackers 14.4oz,HoneyMaidStyle,Crackers,103,3.79,G - Snacks & Confectionery,G3,Lower-Middle Shelf (2)
SKU100201,Gummy Bears 5oz,HariboStyle,Candy,31,2.99,G - Snacks & Confectionery,G1,Bottom Shelf (1)
SKU100202,Milk Chocolate Bar 3.5oz,HersheyStyle,Candy,53,1.99,G - Snacks & Confectionery,G1,Top Shelf (4)
SKU100203,Sour Gummy Worms 5oz,TropiCandyCo,Candy,51,2.99,G - Snacks & Confectionery,G4,Top Shelf (4)
SKU100204,Corn Flakes 18oz,KellogStyle,Cereal,99,4.49,H - Breakfast & Cereal,H1,Bottom Shelf (1)
SKU100205,Frosted Flakes 19.2oz,KellogStyle,Cereal,6,4.79,H - Breakfast & Cereal,H2,Top Shelf (4)
SKU100206,Oat Circles 12oz,CheerioStyle,Cereal,17,4.29,H - Breakfast & Cereal,H1,Top Shelf (4)
SKU100207,Raisin Bran 20oz,KellogStyle,Cereal,78,4.49,H - Breakfast & Cereal,H3,Top Shelf (4)
SKU100208,Granola Oats & Honey 16oz,NatureValStyle,Granola,95,5.49,H - Breakfast & Cereal,H4,Lower-Middle Shelf (2)
SKU100209,Quick Oats 42oz,QuakerStyle,Oatmeal,107,5.29,H - Breakfast & Cereal,H3,Lower-Middle Shelf (2)
SKU100210,Instant Oatmeal Variety 10-pack,QuakerStyle,Oatmeal,35,4.99,H - Breakfast & Cereal,H4,Lower-Middle Shelf (2)
SKU100211,Pancake Mix 32oz,AuntJemimaStyle,Pancake Mix,34,4.29,H - Breakfast & Cereal,H3,Lower-Middle Shelf (2)
SKU100212,Maple Syrup 24oz,MapleFarms,Syrup,19,6.99,H - Breakfast & Cereal,H1,Lower-Middle Shelf (2)
SKU100213,Peanut Butter Creamy 28oz,JiffStyle,Nut Butter,8,4.99,H - Breakfast & Cereal,H2,Lower-Middle Shelf (2)
SKU100214,Strawberry Jam 18oz,SmuckerStyle,Jam,53,3.49,H - Breakfast & Cereal,H3,Top Shelf (4)
SKU100215,Chicken Noodle Soup 10.75oz,CampbellStyle,Soup,115,1.49,I - Canned & Packaged Goods,I4,Top Shelf (4)
SKU100216,Tomato Soup 10.75oz,CampbellStyle,Soup,0,1.49,I - Canned & Packaged Goods,I4,Top Shelf (4)
SKU100217,Diced Tomatoes 14.5oz,HuntStyle,Canned Tomatoes,68,1.29,I - Canned & Packaged Goods,I4,Top Shelf (4)
SKU100218,Tomato Sauce 15oz,HuntStyle,Canned Tomatoes,55,1.29,I - Canned & Packaged Goods,I2,Upper-Middle Shelf (3)
SKU100219,Canned Black Beans 15oz,BushStyle,Canned Beans,85,1.19,I - Canned & Packaged Goods,I4,Upper-Middle Shelf (3)
SKU100220,Canned Chickpeas 15oz,BushStyle,Canned Beans,117,1.19,I - Canned & Packaged Goods,I2,Top Shelf (4)
SKU100221,Canned Tuna in Water 5oz,BumbleBeeStyle,Canned Fish,75,1.49,I - Canned & Packaged Goods,I1,Top Shelf (4)
SKU100222,Canned Salmon 14.75oz,BumbleBeeStyle,Canned Fish,110,4.49,I - Canned & Packaged Goods,I4,Lower-Middle Shelf (2)
SKU100223,White Rice Long Grain 5lb,MaisenaStyle,Rice,48,5.49,I - Canned & Packaged Goods,I1,Upper-Middle Shelf (3)
SKU100224,Pasta Spaghetti 16oz,BarillaStyle,Pasta,43,1.99,I - Canned & Packaged Goods,I4,Upper-Middle Shelf (3)
SKU100225,Pasta Penne 16oz,BarillaStyle,Pasta,106,1.99,I - Canned & Packaged Goods,I4,Upper-Middle Shelf (3)
SKU100226,Mac & Cheese 7.25oz,KraftStyle,Mac Cheese,44,1.29,I - Canned & Packaged Goods,I1,Bottom Shelf (1)
SKU100227,Vegetable Broth 32oz,SwansonStyle,Broth,96,2.49,I - Canned & Packaged Goods,I1,Bottom Shelf (1)
SKU100228,Chicken Broth 32oz,SwansonStyle,Broth,79,2.49,I - Canned & Packaged Goods,I2,Bottom Shelf (1)
SKU100229,Corn 15.25oz,DelMonte,Canned Vegetables,85,1.19,I - Canned & Packaged Goods,I2,Top Shelf (4)
SKU100230,Ketchup 32oz,HeinzStyle,Ketchup,89,3.49,J - Condiments & Sauces,J2,Top Shelf (4)
SKU100231,Yellow Mustard 20oz,FrenchStyle,Mustard,77,2.49,J - Condiments & Sauces,J3,Lower-Middle Shelf (2)
SKU100232,Mayonnaise 30oz,HellmStyle,Mayonnaise,13,5.49,J - Condiments & Sauces,J2,Upper-Middle Shelf (3)
SKU100233,BBQ Sauce Original 18oz,KC MasterStyle,BBQ Sauce,50,2.99,J - Condiments & Sauces,J3,Top Shelf (4)
SKU100234,Hot Sauce 12oz,TabascoStyle,Hot Sauce,89,3.49,J - Condiments & Sauces,J2,Bottom Shelf (1)
SKU100235,Soy Sauce 10oz,KikkoStyle,Asian Sauces,44,2.99,J - Condiments & Sauces,J1,Bottom Shelf (1)
SKU100236,Salsa Medium 24oz,PaceStyle,Salsa,64,3.49,J - Condiments & Sauces,J3,Bottom Shelf (1)
SKU100237,Ranch Dressing 16oz,HiddenValStyle,Dressing,13,3.99,J - Condiments & Sauces,J4,Top Shelf (4)
SKU100238,Italian Dressing 16oz,KraftStyle,Dressing,55,2.99,J - Condiments & Sauces,J4,Lower-Middle Shelf (2)
SKU100239,Olive Oil Extra Virgin 16.9oz,BertolliStyle,Oil,59,7.99,J - Condiments & Sauces,J3,Top Shelf (4)
SKU100240,Vegetable Oil 48oz,CriscoStyle,Oil,109,4.99,J - Condiments & Sauces,J3,Upper-Middle Shelf (3)
SKU100241,White Vinegar 32oz,HeinzStyle,Vinegar,112,2.29,J - Condiments & Sauces,J1,Upper-Middle Shelf (3)
SKU100242,Apple Cider Vinegar 32oz,BraggsStyle,Vinegar,43,4.99,J - Condiments & Sauces,J4,Top Shelf (4)
SKU100243,Shampoo Moisturizing 12oz,DoveHair,Hair Care,62,5.99,K - Health & Beauty,K3,Lower-Middle Shelf (2)
SKU100244,Conditioner Strengthening 12oz,DoveHair,Hair Care,35,5.99,K - Health & Beauty,K3,Upper-Middle Shelf (3)
SKU100245,Body Wash Lavender 18oz,DoveSkin,Body Wash,10,6.49,K - Health & Beauty,K1,Lower-Middle Shelf (2)
SKU100246,Bar Soap 6-pack 3.75oz,DoveSkin,Bar Soap,71,6.99,K - Health & Beauty,K4,Top Shelf (4)
SKU100247,Toothpaste Whitening 4oz,CrestStyle,Oral Care,57,3.99,K - Health & Beauty,K4,Top Shelf (4)
SKU100248,Toothbrush Soft (2-pack),OralBStyle,Oral Care,51,5.99,K - Health & Beauty,K3,Lower-Middle Shelf (2)
SKU100249,Mouthwash Fresh 1lt,ListerStyle,Oral Care,70,5.49,K - Health & Beauty,K3,Top Shelf (4)
SKU100250,Deodorant Stick 2.6oz,DoveBody,Deodorant,89,4.49,K - Health & Beauty,K3,Upper-Middle Shelf (3)
SKU100251,Antiperspirant Spray 4oz,DoveBody,Deodorant,29,4.99,K - Health & Beauty,K3,Upper-Middle Shelf (3)
SKU100252,Facial Moisturizer SPF30 1.7oz,CeraVeStyle,Skin Care,15,14.99,K - Health & Beauty,K2,Upper-Middle Shelf (3)
SKU100253,Sunscreen SPF50 3oz,NeutStyle,Skin Care,35,9.99,K - Health & Beauty,K2,Top Shelf (4)
SKU100254,Hand Lotion 7oz,CeraVeStyle,Skin Care,29,7.49,K - Health & Beauty,K2,Upper-Middle Shelf (3)
SKU100255,Razors 4-count,GilletStyle,Shaving,90,9.99,K - Health & Beauty,K3,Bottom Shelf (1)
SKU100256,Shaving Cream 7oz,BarbasStyle,Shaving,70,3.49,K - Health & Beauty,K1,Bottom Shelf (1)
SKU100257,Feminine Pads Regular 36-count,AlwaysStyle,Feminine Care,13,8.49,K - Health & Beauty,K2,Top Shelf (4)
SKU100258,Tampons Regular 36-count,TampaxStyle,Feminine Care,61,8.99,K - Health & Beauty,K3,Top Shelf (4)
SKU100259,Diapers Size 3 60-count,PampersStyle,Diapers,32,24.99,L - Baby & Toddler,L2,Bottom Shelf (1)
SKU100260,Diapers Size 4 52-count,PampersStyle,Diapers,62,24.99,L - Baby & Toddler,L1,Top Shelf (4)
SKU100261,Baby Wipes 72-count,WipesPlus,Baby Wipes,19,3.99,L - Baby & Toddler,L1,Lower-Middle Shelf (2)
SKU100262,Baby Shampoo 13oz,JohnsonStyle,Baby Care,71,5.49,L - Baby & Toddler,L2,Bottom Shelf (1)
SKU100263,Baby Lotion 8oz,JohnsonStyle,Baby Care,57,5.49,L - Baby & Toddler,L2,Top Shelf (4)
SKU100264,Baby Formula Powder 20oz,SimiStyle,Baby Formula,72,19.99,L - Baby & Toddler,L4,Upper-Middle Shelf (3)
SKU100265,Baby Food Stage 2 4oz (6-pack),GerberStyle,Baby Food,80,7.99,L - Baby & Toddler,L1,Lower-Middle Shelf (2)
SKU100266,Toddler Snack Puffs 1.48oz,GerberStyle,Toddler Snacks,30,2.79,L - Baby & Toddler,L1,Lower-Middle Shelf (2)
SKU100267,All-Purpose Cleaner Spray 32oz,LysolStyle,Surface Cleaners,0,4.49,M - Household Cleaning,M1,Lower-Middle Shelf (2)
SKU100268,Disinfecting Wipes 75-count,LysolStyle,Surface Cleaners,4,5.49,M - Household Cleaning,M4,Upper-Middle Shelf (3)
SKU100269,Glass Cleaner 26oz,WindowexStyle,Glass Cleaners,9,3.49,M - Household Cleaning,M3,Top Shelf (4)
SKU100270,Dish Soap 24oz,DawnStyle,Dish Care,54,4.49,M - Household Cleaning,M3,Lower-Middle Shelf (2)
SKU100271,Dishwasher Pods 30-count,CascadeStyle,Dish Care,116,8.99,M - Household Cleaning,M2,Lower-Middle Shelf (2)
SKU100272,Bathroom Cleaner 32oz,LysolStyle,Bathroom,7,3.99,M - Household Cleaning,M2,Bottom Shelf (1)
SKU100273,Mold & Mildew Remover 32oz,TileXStyle,Bathroom,56,4.49,M - Household Cleaning,M3,Upper-Middle Shelf (3)
SKU100274,Sponges 6-pack,ScotchStyle,Cleaning Tools,120,3.49,M - Household Cleaning,M3,Top Shelf (4)
SKU100275,Rubber Gloves M (pair),PlaytexStyle,Cleaning Tools,10,3.99,M - Household Cleaning,M4,Top Shelf (4)
SKU100276,Trash Bags 13gal 40-count,GladStyle,Trash Bags,77,8.49,M - Household Cleaning,M4,Upper-Middle Shelf (3)
SKU100277,Trash Bags 33gal 20-count,GladStyle,Trash Bags,86,7.99,M - Household Cleaning,M1,Lower-Middle Shelf (2)
SKU100278,Liquid Laundry Detergent 92oz,TideStyle,Laundry Detergent,97,12.99,N - Laundry,N3,Bottom Shelf (1)
SKU100279,Laundry Pods 42-count,TideStyle,Laundry Detergent,23,14.99,N - Laundry,N4,Upper-Middle Shelf (3)
SKU100280,Fabric Softener 51oz,DownyStyle,Fabric Softener,60,7.99,N - Laundry,N4,Bottom Shelf (1)
SKU100281,Dryer Sheets 105-count,BounceStyle,Fabric Softener,85,6.49,N - Laundry,N3,Upper-Middle Shelf (3)
SKU100282,Stain Remover Spray 22oz,ShoutStyle,Stain Remover,52,4.49,N - Laundry,N2,Upper-Middle Shelf (3)
SKU100283,Color-Safe Bleach 64oz,CloroxStyle,Bleach,58,5.99,N - Laundry,N4,Bottom Shelf (1)
SKU100284,Paper Towels Double Roll 6-pack,BountyStyle,Paper Towels,14,11.99,O - Paper & Disposables,O3,Upper-Middle Shelf (3)
SKU100285,Toilet Paper 12 Double Rolls,CharmStyle,Toilet Paper,52,10.99,O - Paper & Disposables,O1,Top Shelf (4)
SKU100286,Facial Tissues 3-box pack,KleenStyle,Facial Tissues,80,5.99,O - Paper & Disposables,O3,Top Shelf (4)
SKU100287,Paper Plates 8.5in 50-count,ChenetStyle,Disposables,34,3.99,O - Paper & Disposables,O1,Lower-Middle Shelf (2)
SKU100288,Plastic Cups 16oz 50-count,SoloStyle,Disposables,112,5.49,O - Paper & Disposables,O3,Top Shelf (4)
SKU100289,Aluminum Foil 75sqft,ReyStyle,Wraps,90,4.49,O - Paper & Disposables,O1,Lower-Middle Shelf (2)
SKU100290,Plastic Wrap 200sqft,GladStyle,Wraps,11,3.99,O - Paper & Disposables,O1,Top Shelf (4)
SKU100291,Quart Zip Bags 40-count,ZiplocStyle,Bags,15,3.49,O - Paper & Disposables,O1,Top Shelf (4)
SKU100292,Gallon Zip Bags 30-count,ZiplocStyle,Bags,53,3.99,O - Paper & Disposables,O3,Upper-Middle Shelf (3)
SKU100293,AA Batteries 20-pack,DuracellStyle,Batteries,70,12.99,P - Electronics & Accessories,P2,Top Shelf (4)
SKU100294,AAA Batteries 20-pack,DuracellStyle,Batteries,110,12.99,P - Electronics & Accessories,P2,Lower-Middle Shelf (2)
SKU100295,USB-C Charging Cable 6ft,AmazonBasics,Phone Accessories,119,9.99,P - Electronics & Accessories,P4,Upper-Middle Shelf (3)
SKU100296,Lightning Cable 6ft,AmazonBasics,Phone Accessories,92,9.99,P - Electronics & Accessories,P1,Upper-Middle Shelf (3)
SKU100297,Phone Case Universal Slim,UrbanArmor,Phone Accessories,57,14.99,P - Electronics & Accessories,P4,Lower-Middle Shelf (2)
SKU100298,Earbuds Wired 3.5mm,TechPlug,Audio,58,9.99,P - Electronics & Accessories,P3,Top Shelf (4)
SKU100299,Bluetooth Speaker Portable,JBLBasic,Audio,73,29.99,P - Electronics & Accessories,P2,Lower-Middle Shelf (2)
SKU100300,HDMI Cable 6ft,AmazonBasics,Cables,40,7.99,P - Electronics & Accessories,P4,Bottom Shelf (1)
SKU100301,Power Strip 6-outlet,BelkinStyle,Power,84,14.99,P - Electronics & Accessories,P4,Top Shelf (4)
SKU100302,LED Light Bulbs A19 4-pack,GEStyle,Light Bulbs,64,8.99,P - Electronics & Accessories,P1,Lower-Middle Shelf (2)
SKU100303,Extension Cord 6ft 3-outlet,ClearStyle,Power,12,8.99,P - Electronics & Accessories,P1,Top Shelf (4)
SKU100304,Screen Cleaner Kit,TechClean,Electronics Accessories,111,6.99,P - Electronics & Accessories,P2,Top Shelf (4)
SKU100305,LEGO Classic 200-piece set,LEGO,Building Toys,43,19.99,Q - Toys & Games,Q4,Upper-Middle Shelf (3)
SKU100306,Playing Cards Standard Deck,BicycleBrand,Card Games,109,3.99,Q - Toys & Games,Q1,Upper-Middle Shelf (3)
SKU100307,Crayons 64-count,CrayolaStyle,Art Supplies,79,7.49,Q - Toys & Games,Q4,Bottom Shelf (1)
SKU100308,Watercolor Paint Set,CrayolaStyle,Art Supplies,95,8.99,Q - Toys & Games,Q3,Lower-Middle Shelf (2)
SKU100309,Puzzle 500-piece,RavenStyle,Puzzles,56,12.99,Q - Toys & Games,Q1,Bottom Shelf (1)
SKU100310,UNO Card Game,MattelStyle,Card Games,5,6.99,Q - Toys & Games,Q3,Bottom Shelf (1)
SKU100311,Scrabble Board Game,HasbroStyle,Board Games,45,19.99,Q - Toys & Games,Q1,Upper-Middle Shelf (3)
SKU100312,Monopoly Classic,HasbroStyle,Board Games,67,19.99,Q - Toys & Games,Q2,Lower-Middle Shelf (2)
SKU100313,Nerf Blaster Basic,HasbroStyle,Outdoor Toys,22,14.99,Q - Toys & Games,Q2,Lower-Middle Shelf (2)
SKU100314,Basketball Size 5,SportStyle,Sports Toys,63,14.99,Q - Toys & Games,Q4,Lower-Middle Shelf (2)
SKU100315,Water Bottle 32oz BPA-Free,NalgeneStyle,Hydration,58,12.99,R - Sports & Outdoors,R4,Upper-Middle Shelf (3)
SKU100316,Resistance Bands Set 5-pack,FitnessFlex,Fitness,115,12.99,R - Sports & Outdoors,R1,Top Shelf (4)
SKU100317,Jump Rope,SportCore,Fitness,56,7.99,R - Sports & Outdoors,R2,Bottom Shelf (1)
SKU100318,Yoga Mat 68in,GaiaStyle,Yoga,88,19.99,R - Sports & Outdoors,R3,Top Shelf (4)
SKU100319,Athletic Socks 6-pack,NikeBasic,Clothing,49,14.99,R - Sports & Outdoors,R3,Lower-Middle Shelf (2)
SKU100320,Sunglasses UV400,FosterGrant,Eyewear,73,9.99,R - Sports & Outdoors,R2,Top Shelf (4)
SKU100321,Insect Repellent Spray 4oz,OFFStyle,Outdoor,2,7.49,R - Sports & Outdoors,R3,Upper-Middle Shelf (3)
SKU100322,Camping Lantern LED,CampStyle,Camping,116,14.99,R - Sports & Outdoors,R1,Bottom Shelf (1)
SKU100323,Men's White T-Shirt L,FruitLoomStyle,Men's Clothing,77,7.99,S - Clothing & Apparel,S3,Lower-Middle Shelf (2)
SKU100324,Women's Yoga Pants M,DresserStyle,Women's Clothing,86,19.99,S - Clothing & Apparel,S2,Upper-Middle Shelf (3)
SKU100325,Kids Socks 6-pack Sz 4-7,HanesStyle,Kids Clothing,39,8.99,S - Clothing & Apparel,S1,Bottom Shelf (1)
SKU100326,Baseball Cap Adjustable,SportCapStyle,Accessories,11,12.99,S - Clothing & Apparel,S3,Lower-Middle Shelf (2)
SKU100327,Men's Boxer Briefs 3-pack M,HanesStyle,Men's Underwear,25,14.99,S - Clothing & Apparel,S4,Lower-Middle Shelf (2)
SKU100328,Women's Briefs 5-pack M,HanesStyle,Women's Underwear,106,12.99,S - Clothing & Apparel,S3,Upper-Middle Shelf (3)
SKU100329,Rain Poncho One Size,StormReady,Outerwear,95,4.99,S - Clothing & Apparel,S4,Upper-Middle Shelf (3)
SKU100330,Non-stick Frying Pan 10in,CalpStyle,Cookware,9,24.99,T - Home & Kitchen,T1,Top Shelf (4)
SKU100331,Stainless Sauce Pan 2qt,CalpStyle,Cookware,108,22.99,T - Home & Kitchen,T2,Top Shelf (4)
SKU100332,Cutting Board Plastic 12x18in,OXOStyle,Kitchen Tools,33,12.99,T - Home & Kitchen,T4,Bottom Shelf (1)
SKU100333,Can Opener Manual,OXOStyle,Kitchen Tools,74,9.99,T - Home & Kitchen,T3,Upper-Middle Shelf (3)
SKU100334,Measuring Cups Set 4-piece,OXOStyle,Kitchen Tools,86,8.99,T - Home & Kitchen,T3,Bottom Shelf (1)
SKU100335,Measuring Spoons Set 6-piece,OXOStyle,Kitchen Tools,117,7.99,T - Home & Kitchen,T1,Upper-Middle Shelf (3)
SKU100336,Kitchen Knife 8in Chef,WusthStyle,Knives,116,19.99,T - Home & Kitchen,T1,Top Shelf (4)
SKU100337,Colander 5qt,CalpStyle,Kitchen Tools,17,12.99,T - Home & Kitchen,T4,Bottom Shelf (1)
SKU100338,Mixing Bowls 3-piece Set,OXOStyle,Kitchen Tools,14,16.99,T - Home & Kitchen,T3,Top Shelf (4)
SKU100339,Baking Sheet 18x13in,NordicStyle,Bakeware,58,14.99,T - Home & Kitchen,T2,Top Shelf (4)
SKU100340,Muffin Pan 12-cup,NordicStyle,Bakeware,113,12.99,T - Home & Kitchen,T4,Lower-Middle Shelf (2)
SKU100341,Dish Rack Stainless,SimpleStyle,Kitchen Accessories,78,19.99,T - Home & Kitchen,T1,Top Shelf (4)
SKU100342,Dish Towels 4-pack,RingoStyle,Kitchen Textiles,27,9.99,T - Home & Kitchen,T1,Upper-Middle Shelf (3)
SKU100343,Oven Mitts Pair,SafeStyle,Kitchen Accessories,12,8.99,T - Home & Kitchen,T2,Upper-Middle Shelf (3)
SKU100344,Dry Dog Food Adult 15lb,PurinaStyle,Dog Food,50,19.99,U - Pet Supplies,U3,Bottom Shelf (1)
SKU100345,Wet Dog Food 13oz (12-pack),PurinaStyle,Dog Food,11,18.99,U - Pet Supplies,U1,Top Shelf (4)
SKU100346,Dry Cat Food Adult 7lb,MeowMixStyle,Cat Food,100,12.99,U - Pet Supplies,U1,Bottom Shelf (1)
SKU100347,Wet Cat Food 5.5oz (12-pack),FancyFeastStyle,Cat Food,8,14.99,U - Pet Supplies,U2,Lower-Middle Shelf (2)
SKU100348,Cat Litter Clumping 20lb,TidyCatStyle,Cat Litter,42,12.99,U - Pet Supplies,U2,Lower-Middle Shelf (2)
SKU100349,Dog Treats Biscuits 16oz,MillBoneStyle,Dog Treats,109,5.99,U - Pet Supplies,U1,Upper-Middle Shelf (3)
SKU100350,Cat Treats 2.1oz,TemptationsStyle,Cat Treats,14,2.99,U - Pet Supplies,U3,Lower-Middle Shelf (2)
SKU100351,Pet Waste Bags 100-count,PetStyle,Dog Accessories,101,5.99,U - Pet Supplies,U1,Upper-Middle Shelf (3)
SKU100352,Dog Collar Adjustable M,PetSmart,Dog Accessories,22,8.99,U - Pet Supplies,U3,Bottom Shelf (1)
SKU100353,Ibuprofen 200mg 100-count,AdvilStyle,Pain Relief,67,8.99,V - Pharmacy & Wellness,V2,Top Shelf (4)
SKU100354,Acetaminophen 500mg 100-count,TylenStyle,Pain Relief,57,8.49,V - Pharmacy & Wellness,V1,Top Shelf (4)
SKU100355,Antacid Chewable 96-count,TumsStyle,Digestive Health,64,6.99,V - Pharmacy & Wellness,V1,Top Shelf (4)
SKU100356,Allergy Relief 24-hour 30ct,ClaritStyle,Allergy,58,14.99,V - Pharmacy & Wellness,V1,Upper-Middle Shelf (3)
SKU100357,Cold Relief DayTime Liquid 12oz,NyqStyle,Cold & Flu,54,8.99,V - Pharmacy & Wellness,V4,Top Shelf (4)
SKU100358,Cough Drops Honey Lemon 30-count,RicolaStyle,Cold & Flu,115,4.49,V - Pharmacy & Wellness,V4,Bottom Shelf (1)
SKU100359,Multivitamins Adults 100-count,CentrumStyle,Vitamins,16,12.99,V - Pharmacy & Wellness,V2,Bottom Shelf (1)
SKU100360,Vitamin C 1000mg 60-count,NatureStyle,Vitamins,76,9.99,V - Pharmacy & Wellness,V3,Top Shelf (4)
SKU100361,Bandage Assorted 80-count,BandAidStyle,First Aid,101,5.99,V - Pharmacy & Wellness,V4,Bottom Shelf (1)
SKU100362,Thermometer Digital,OmronStyle,First Aid,57,9.99,V - Pharmacy & Wellness,V2,Top Shelf (4)
SKU100363,Ballpoint Pens Blue 10-pack,BicStyle,Pens,51,4.99,W - Office & Stationery,W3,Top Shelf (4)
SKU100364,Mechanical Pencils 5-pack,PentelStyle,Pencils,54,5.99,W - Office & Stationery,W1,Upper-Middle Shelf (3)
SKU100365,Highlighters 5-pack Assorted,SharpieStyle,Markers,19,5.99,W - Office & Stationery,W3,Upper-Middle Shelf (3)
SKU100366,Sticky Notes 3x3in 12-pack,PostItStyle,Notes,11,8.99,W - Office & Stationery,W1,Bottom Shelf (1)
SKU100367,Composition Notebook 100-page,MeadStyle,Notebooks,71,2.99,W - Office & Stationery,W3,Lower-Middle Shelf (2)
SKU100368,Spiral Notebook College Ruled,MeadStyle,Notebooks,52,3.99,W - Office & Stationery,W3,Bottom Shelf (1)
SKU100369,Printer Paper 8.5x11 500-sheet,HammerStyle,Paper,36,8.99,W - Office & Stationery,W4,Bottom Shelf (1)
SKU100370,Tape Rolls 3-pack,ScotchStyle,Tape,19,5.99,W - Office & Stationery,W1,Lower-Middle Shelf (2)
SKU100371,Stapler Standard,SwingStyle,Office Tools,108,7.99,W - Office & Stationery,W1,Upper-Middle Shelf (3)
SKU100372,Scissors 8in,FiskStyle,Office Tools,103,5.99,W - Office & Stationery,W3,Lower-Middle Shelf (2)
SKU100373,Index Cards 3x5 200-count,AvStyle,Notes,3,3.49,W - Office & Stationery,W1,Upper-Middle Shelf (3)
SKU100374,Scented Candle 8oz,YankeeStyle,Home Fragrance,44,12.99,X - Seasonal & Holiday,X3,Upper-Middle Shelf (3)
SKU100375,Air Freshener Spray 8.3oz,FebrezeStyle,Home Fragrance,8,4.99,X - Seasonal & Holiday,X2,Top Shelf (4)
SKU100376,Picture Frame 4x6in,TargetHome,Home Decor,95,6.99,X - Seasonal & Holiday,X1,Bottom Shelf (1)
SKU100377,Storage Bins 3-pack Clear,SterliteStyle,Storage,43,9.99,X - Seasonal & Holiday,X4,Top Shelf (4)
SKU100378,Wrapping Paper Roll 30sqft,AmericanStyle,Gift Wrap,99,4.99,X - Seasonal & Holiday,X3,Upper-Middle Shelf (3)
SKU100379,Gift Bags Assorted 4-pack,AmericanStyle,Gift Wrap,20,3.99,X - Seasonal & Holiday,X1,Lower-Middle Shelf (2)
SKU100380,Birthday Candles 24-count,AmericanStyle,Party Supplies,56,2.49,X - Seasonal & Holiday,X1,Upper-Middle Shelf (3)
SKU100381,Balloons 15-count,FestiveStyle,Party Supplies,34,3.49,X - Seasonal & Holiday,X4,Top Shelf (4)
SKU200100,Thermometer Digital - Value Size,OmronStyle,First Aid,86,10.41,V - Pharmacy & Wellness,V4,Upper-Middle Shelf (3)
SKU200101,Romaine Hearts 3-pack - Organic,GreenGrow,Vegetables,0,3.54,A - Fresh Produce,A2,Upper-Middle Shelf (3)
SKU200102,Granola Oats & Honey 16oz - Travel Size,NatureValStyle,Granola,15,7.33,H - Breakfast & Cereal,H1,Top Shelf (4)
SKU200103,Sunglasses UV400 - Travel Size,FosterGrant,Eyewear,29,8.9,R - Sports & Outdoors,R3,Bottom Shelf (1)
SKU200104,Extension Cord 6ft 3-outlet - XL Pack,ClearStyle,Power,9,9.94,P - Electronics & Accessories,P3,Top Shelf (4)
SKU200105,Crayons 64-count - Low-Sodium,CrayolaStyle,Art Supplies,41,7.51,Q - Toys & Games,Q2,Top Shelf (4)
SKU200106,Toilet Paper 12 Double Rolls - Value Size,CharmStyle,Toilet Paper,55,12.15,O - Paper & Disposables,O4,Bottom Shelf (1)
SKU200107,LED Light Bulbs A19 4-pack - Sugar-Free,GEStyle,Light Bulbs,99,11.89,P - Electronics & Accessories,P2,Bottom Shelf (1)
SKU200108,Bandage Assorted 80-count - Value Size,BandAidStyle,First Aid,99,7.02,V - Pharmacy & Wellness,V3,Upper-Middle Shelf (3)
SKU200109,Sparkling Water 12-pack - Organic,LaCroixStyle,Sparkling Water,22,4.79,F - Beverages,F2,Bottom Shelf (1)
SKU200110,Tortilla Chips 13oz - Family Size,TostitoStyle,Chips,74,5.05,G - Snacks & Confectionery,G4,Upper-Middle Shelf (3)
SKU200111,Baby Wipes 72-count - Travel Size,WipesPlus,Baby Wipes,80,4.42,L - Baby & Toddler,L3,Upper-Middle Shelf (3)
SKU200112,Almond Milk Unsweetened 64oz - Decaf,NutriNut,Milk Alternatives,57,4.61,B - Dairy & Eggs,B1,Bottom Shelf (1)
SKU200113,Plastic Cups 16oz 50-count - Sugar-Free,SoloStyle,Disposables,109,4.69,O - Paper & Disposables,O1,Top Shelf (4)
SKU200114,Kitchen Knife 8in Chef - XL Pack,WusthStyle,Knives,83,22.29,T - Home & Kitchen,T2,Upper-Middle Shelf (3)
SKU200115,Oven Mitts Pair - Travel Size,SafeStyle,Kitchen Accessories,103,13.22,T - Home & Kitchen,T3,Bottom Shelf (1)
SKU200116,Cough Drops Honey Lemon 30-count - Travel Size,RicolaStyle,Cold & Flu,56,3.72,V - Pharmacy & Wellness,V2,Upper-Middle Shelf (3)
SKU200117,Plastic Wrap 200sqft - Sugar-Free,GladStyle,Wraps,86,4.27,O - Paper & Disposables,O1,Upper-Middle Shelf (3)
SKU200118,Strawberry Yogurt 6-pack - Decaf,YoplaitFresh,Yogurt,36,3.72,B - Dairy & Eggs,B3,Lower-Middle Shelf (2)
SKU200119,Dish Soap 24oz - Value Size,DawnStyle,Dish Care,44,5.42,M - Household Cleaning,M3,Top Shelf (4)
SKU200120,Fish Sticks 24oz - Value Size,GordonStyle,Frozen Seafood,101,5.58,E - Frozen Foods,E3,Lower-Middle Shelf (2)
SKU200121,Printer Paper 8.5x11 500-sheet - Value Size,HammerStyle,Paper,46,11.26,W - Office & Stationery,W1,Upper-Middle Shelf (3)
SKU200122,Tampons Regular 36-count - Travel Size,TampaxStyle,Feminine Care,98,13.18,K - Health & Beauty,K4,Lower-Middle Shelf (2)
SKU200123,Chicken Noodle Soup 10.75oz - Travel Size,CampbellStyle,Soup,100,1.35,I - Canned & Packaged Goods,I1,Bottom Shelf (1)
SKU200124,Bathroom Cleaner 32oz - Travel Size,LysolStyle,Bathroom,23,4.86,M - Household Cleaning,M2,Top Shelf (4)
SKU200125,Iceberg Lettuce (head) - Low-Sodium,GreenGrow,Vegetables,56,1.57,A - Fresh Produce,A3,Top Shelf (4)
SKU200126,Canned Black Beans 15oz - Organic,BushStyle,Canned Beans,60,1.21,I - Canned & Packaged Goods,I2,Upper-Middle Shelf (3)
SKU200127,Kids Socks 6-pack Sz 4-7 - Family Size,HanesStyle,Kids Clothing,64,12.03,S - Clothing & Apparel,S4,Lower-Middle Shelf (2)
SKU200128,Milk Chocolate Bar 3.5oz - Travel Size,HersheyStyle,Candy,61,2.81,G - Snacks & Confectionery,G3,Bottom Shelf (1)
SKU200129,Mechanical Pencils 5-pack - Value Size,PentelStyle,Pencils,34,5.99,W - Office & Stationery,W4,Lower-Middle Shelf (2)
SKU200130,Men's White T-Shirt L - Value Size,FruitLoomStyle,Men's Clothing,57,11.69,S - Clothing & Apparel,S3,Bottom Shelf (1)
SKU200131,Monopoly Classic - XL Pack,HasbroStyle,Board Games,49,21.54,Q - Toys & Games,Q1,Upper-Middle Shelf (3)
SKU200132,Strawberry Jam 18oz - XL Pack,SmuckerStyle,Jam,91,3.57,H - Breakfast & Cereal,H3,Lower-Middle Shelf (2)
SKU200133,Frozen Burritos 8-pack - XL Pack,ElMontereyStyle,Frozen Meals,89,6.5,E - Frozen Foods,E2,Top Shelf (4)
SKU200134,Rain Poncho One Size - XL Pack,StormReady,Outerwear,27,7.16,S - Clothing & Apparel,S2,Top Shelf (4)
SKU200135,Chocolate Cake Slice - Sugar-Free,BakeHouse,Cakes,30,3.86,D - Bakery & Bread,D4,Top Shelf (4)
SKU200136,Greek Yogurt Plain 32oz - Value Size,ChobaniPlus,Yogurt,68,7.61,B - Dairy & Eggs,B1,Lower-Middle Shelf (2)
SKU200137,Frozen French Fries 32oz - Sugar-Free,OreIdaStyle,Frozen Sides,30,4.94,E - Frozen Foods,E4,Lower-Middle Shelf (2)
SKU200138,Beef Sirloin Steak 1lb - Decaf,RanchSelect,Beef,64,8.47,C - Meat & Seafood,C1,Top Shelf (4)
SKU200139,Muffin Pan 12-cup - XL Pack,NordicStyle,Bakeware,32,16.17,T - Home & Kitchen,T1,Upper-Middle Shelf (3)
SKU200140,Shredded Mozzarella 2lb - Decaf,GaldaCheese,Cheese,13,7.26,B - Dairy & Eggs,B3,Lower-Middle Shelf (2)
SKU200141,Iceberg Lettuce (head) - Decaf,GreenGrow,Vegetables,22,1.76,A - Fresh Produce,A4,Top Shelf (4)
SKU200142,Mixed Nuts 16oz - Travel Size,PlantFarm,Nuts,58,7.59,G - Snacks & Confectionery,G1,Upper-Middle Shelf (3)
SKU200143,Sour Gummy Worms 5oz - XL Pack,TropiCandyCo,Candy,40,4.05,G - Snacks & Confectionery,G3,Top Shelf (4)
SKU200144,Wrapping Paper Roll 30sqft - Family Size,AmericanStyle,Gift Wrap,24,4.88,X - Seasonal & Holiday,X3,Upper-Middle Shelf (3)
SKU200145,Cherry Tomatoes 10oz - Decaf,TomatoKing,Vegetables,55,3.46,A - Fresh Produce,A4,Top Shelf (4)
SKU200146,Phone Case Universal Slim - Decaf,UrbanArmor,Phone Accessories,63,22.21,P - Electronics & Accessories,P3,Upper-Middle Shelf (3)
SKU200147,85/15 Ground Beef 1lb - Low-Sodium,RanchSelect,Beef,105,4.52,C - Meat & Seafood,C2,Upper-Middle Shelf (3)
SKU200148,Baby Formula Powder 20oz - Value Size,SimiStyle,Baby Formula,39,17.11,L - Baby & Toddler,L4,Top Shelf (4)
SKU200149,Green Tea Bags 40-count - Family Size,BigelowStyle,Tea,111,4.49,F - Beverages,F3,Top Shelf (4)
SKU200150,Vegetable Oil 48oz - XL Pack,CriscoStyle,Oil,46,4.25,J - Condiments & Sauces,J2,Bottom Shelf (1)
SKU200151,Frozen French Fries 32oz - Family Size,OreIdaStyle,Frozen Sides,99,3.7,E - Frozen Foods,E3,Upper-Middle Shelf (3)
SKU200152,Lightning Cable 6ft - XL Pack,AmazonBasics,Phone Accessories,47,12.22,P - Electronics & Accessories,P3,Top Shelf (4)
SKU200153,Boneless Chicken Breast 2lb - Travel Size,FarmFirst,Poultry,83,8.18,C - Meat & Seafood,C3,Lower-Middle Shelf (2)
SKU200154,Corn Tortillas 30-pack - XL Pack,MissionBake,Tortillas,49,4.98,D - Bakery & Bread,D1,Upper-Middle Shelf (3)
SKU200155,BBQ Sauce Original 18oz - Family Size,KC MasterStyle,BBQ Sauce,88,2.84,J - Condiments & Sauces,J4,Lower-Middle Shelf (2)
SKU200156,Frozen Peas 16oz - Travel Size,GreenGiant,Frozen Vegetables,115,2.78,E - Frozen Foods,E4,Bottom Shelf (1)
SKU200157,Baby Lotion 8oz - Decaf,JohnsonStyle,Baby Care,37,7.12,L - Baby & Toddler,L3,Lower-Middle Shelf (2)
SKU200158,Potato Chips Original 8oz - Decaf,LayStyle,Chips,25,4.96,G - Snacks & Confectionery,G2,Lower-Middle Shelf (2)
SKU200159,Dog Collar Adjustable M - XL Pack,PetSmart,Dog Accessories,59,9.46,U - Pet Supplies,U2,Bottom Shelf (1)
SKU200160,Strawberry Yogurt 6-pack - Sugar-Free,YoplaitFresh,Yogurt,61,4.63,B - Dairy & Eggs,B4,Top Shelf (4)
SKU200161,Sour Cream 16oz - Travel Size,DairyPure,Cream,57,3.69,B - Dairy & Eggs,B4,Upper-Middle Shelf (3)
SKU200162,Chicken Nuggets 32oz - Travel Size,TysonFarm,Frozen Chicken,64,10.69,E - Frozen Foods,E1,Bottom Shelf (1)
SKU200163,Highlighters 5-pack Assorted - Travel Size,SharpieStyle,Markers,119,6.07,W - Office & Stationery,W2,Upper-Middle Shelf (3)
SKU200164,Highlighters 5-pack Assorted - Sugar-Free,SharpieStyle,Markers,81,8.34,W - Office & Stationery,W3,Lower-Middle Shelf (2)
SKU200165,Razors 4-count - Value Size,GilletStyle,Shaving,120,11.51,K - Health & Beauty,K2,Lower-Middle Shelf (2)
SKU200166,Bathroom Cleaner 32oz - XL Pack,LysolStyle,Bathroom,5,5.5,M - Household Cleaning,M3,Lower-Middle Shelf (2)
SKU200167,Nerf Blaster Basic - XL Pack,HasbroStyle,Outdoor Toys,37,17.22,Q - Toys & Games,Q3,Top Shelf (4)
SKU200168,Pasta Penne 16oz - Low-Sodium,BarillaStyle,Pasta,7,2.01,I - Canned & Packaged Goods,I2,Top Shelf (4)
SKU200169,Monopoly Classic - Family Size,HasbroStyle,Board Games,18,22.49,Q - Toys & Games,Q3,Upper-Middle Shelf (3)
SKU200170,Trash Bags 13gal 40-count - Low-Sodium,GladStyle,Trash Bags,71,7.57,M - Household Cleaning,M1,Upper-Middle Shelf (3)
SKU200171,White Rice Long Grain 5lb - Family Size,MaisenaStyle,Rice,18,4.86,I - Canned & Packaged Goods,I1,Bottom Shelf (1)
SKU200172,Toothbrush Soft (2-pack) - Low-Sodium,OralBStyle,Oral Care,110,8.42,K - Health & Beauty,K2,Upper-Middle Shelf (3)
SKU200173,Diapers Size 4 52-count - Organic,PampersStyle,Diapers,65,33.34,L - Baby & Toddler,L4,Top Shelf (4)
SKU200174,Feminine Pads Regular 36-count - Family Size,AlwaysStyle,Feminine Care,64,6.93,K - Health & Beauty,K4,Lower-Middle Shelf (2)
SKU200175,Instant Oatmeal Variety 10-pack - Decaf,QuakerStyle,Oatmeal,76,4.16,H - Breakfast & Cereal,H4,Upper-Middle Shelf (3)
SKU200176,Scented Candle 8oz - XL Pack,YankeeStyle,Home Fragrance,112,18.1,X - Seasonal & Holiday,X3,Upper-Middle Shelf (3)
SKU200177,Playing Cards Standard Deck - Decaf,BicycleBrand,Card Games,71,3.32,Q - Toys & Games,Q2,Upper-Middle Shelf (3)
SKU200178,Toothpaste Whitening 4oz - Value Size,CrestStyle,Oral Care,70,4.27,K - Health & Beauty,K3,Bottom Shelf (1)
SKU200179,Chicken Nuggets 32oz - Value Size,TysonFarm,Frozen Chicken,43,8.6,E - Frozen Foods,E3,Lower-Middle Shelf (2)
SKU200180,Gummy Bears 5oz - Low-Sodium,HariboStyle,Candy,17,3.44,G - Snacks & Confectionery,G3,Top Shelf (4)
SKU200181,Highlighters 5-pack Assorted - Family Size,SharpieStyle,Markers,17,5.42,W - Office & Stationery,W3,Upper-Middle Shelf (3)
SKU200182,Ground Coffee Medium Roast 30oz - Low-Sodium,FolgersMix,Coffee,38,12.68,F - Beverages,F3,Top Shelf (4)
SKU200183,Sunscreen SPF50 3oz - Family Size,NeutStyle,Skin Care,86,13.7,K - Health & Beauty,K1,Top Shelf (4)
SKU200184,Feminine Pads Regular 36-count - XL Pack,AlwaysStyle,Feminine Care,83,10.34,K - Health & Beauty,K2,Bottom Shelf (1)
SKU200185,Wet Dog Food 13oz (12-pack) - Travel Size,PurinaStyle,Dog Food,99,22.16,U - Pet Supplies,U4,Lower-Middle Shelf (2)
SKU200186,Pasta Spaghetti 16oz - XL Pack,BarillaStyle,Pasta,24,2.39,I - Canned & Packaged Goods,I1,Top Shelf (4)
SKU200187,Diapers Size 4 52-count - Low-Sodium,PampersStyle,Diapers,52,22.64,L - Baby & Toddler,L4,Bottom Shelf (1)
SKU200188,Frozen Burritos 8-pack - Organic,ElMontereyStyle,Frozen Meals,61,7.74,E - Frozen Foods,E4,Upper-Middle Shelf (3)
SKU200189,Coconut Water 1lt - Family Size,VitaCoco,Coconut Water,45,5.02,F - Beverages,F3,Top Shelf (4)
SKU200190,Oreo Sandwich Cookies 14.3oz - Organic,OreoCo,Cookies,120,4.47,G - Snacks & Confectionery,G3,Upper-Middle Shelf (3)
SKU200191,Oat Circles 12oz - Family Size,CheerioStyle,Cereal,119,4.38,H - Breakfast & Cereal,H3,Upper-Middle Shelf (3)
SKU200192,Frozen Peas 16oz - Low-Sodium,GreenGiant,Frozen Vegetables,44,2.84,E - Frozen Foods,E2,Upper-Middle Shelf (3)
SKU200193,Sweet Corn (each) - Sugar-Free,SunHarvest,Vegetables,118,1.16,A - Fresh Produce,A4,Upper-Middle Shelf (3)
SKU200194,Wet Dog Food 13oz (12-pack) - Organic,PurinaStyle,Dog Food,119,17.88,U - Pet Supplies,U3,Lower-Middle Shelf (2)
SKU200195,Blueberry Muffins 4-pack - Organic,BakeHouse,Muffins,67,4.35,D - Bakery & Bread,D2,Lower-Middle Shelf (2)
SKU200196,2% Reduced Fat Milk 1 Gallon - Value Size,DairyPure,Milk,12,4.13,B - Dairy & Eggs,B2,Bottom Shelf (1)
SKU200197,Balloons 15-count - Travel Size,FestiveStyle,Party Supplies,112,3.79,X - Seasonal & Holiday,X4,Top Shelf (4)
SKU200198,Milk Chocolate Bar 3.5oz - Sugar-Free,HersheyStyle,Candy,116,2.04,G - Snacks & Confectionery,G1,Lower-Middle Shelf (2)
SKU200199,Index Cards 3x5 200-count - XL Pack,AvStyle,Notes,112,5.02,W - Office & Stationery,W2,Bottom Shelf (1)
SKU200200,Extension Cord 6ft 3-outlet - Family Size,ClearStyle,Power,111,8.36,P - Electronics & Accessories,P3,Bottom Shelf (1)
SKU200201,Strawberries 1lb - Sugar-Free,BerryBest,Fruits,42,4.18,A - Fresh Produce,A3,Top Shelf (4)
SKU200202,Wrapping Paper Roll 30sqft - Family Size,AmericanStyle,Gift Wrap,64,7.1,X - Seasonal & Holiday,X4,Upper-Middle Shelf (3)
SKU200203,Oreo Sandwich Cookies 14.3oz - Value Size,OreoCo,Cookies,82,4.63,G - Snacks & Confectionery,G3,Lower-Middle Shelf (2)
SKU200204,Mango (each) - Decaf,TropicFresh,Fruits,96,2.02,A - Fresh Produce,A2,Lower-Middle Shelf (2)
SKU200205,Crayons 64-count - Low-Sodium,CrayolaStyle,Art Supplies,85,8.69,Q - Toys & Games,Q1,Lower-Middle Shelf (2)
SKU200206,Frozen Stir Fry Vegetables 16oz - Family Size,BirdsEyeFarm,Frozen Vegetables,33,3.07,E - Frozen Foods,E4,Lower-Middle Shelf (2)
SKU200207,Women's Briefs 5-pack M - Sugar-Free,HanesStyle,Women's Underwear,92,19.07,S - Clothing & Apparel,S1,Upper-Middle Shelf (3)
SKU200208,Paper Towels Double Roll 6-pack - Organic,BountyStyle,Paper Towels,39,10.11,O - Paper & Disposables,O2,Top Shelf (4)
SKU200209,Cold Relief DayTime Liquid 12oz - Sugar-Free,NyqStyle,Cold & Flu,120,11.54,V - Pharmacy & Wellness,V3,Upper-Middle Shelf (3)
SKU200210,Peanut Butter Creamy 28oz - Organic,JiffStyle,Nut Butter,58,7.34,H - Breakfast & Cereal,H3,Top Shelf (4)
SKU200211,Balloons 15-count - Family Size,FestiveStyle,Party Supplies,105,4.64,X - Seasonal & Holiday,X2,Lower-Middle Shelf (2)
SKU200212,Ground Turkey 93/7 1lb - Family Size,FarmFirst,Poultry,117,6.42,C - Meat & Seafood,C1,Bottom Shelf (1)
SKU200213,Birthday Candles 24-count - Organic,AmericanStyle,Party Supplies,41,2.99,X - Seasonal & Holiday,X4,Bottom Shelf (1)
SKU200214,Frosted Flakes 19.2oz - Family Size,KellogStyle,Cereal,103,4.14,H - Breakfast & Cereal,H1,Top Shelf (4)
SKU200215,Frozen Waffles 10-count - Low-Sodium,EggoStyle,Frozen Breakfast,59,4.24,E - Frozen Foods,E3,Bottom Shelf (1)
SKU200216,LED Light Bulbs A19 4-pack - Sugar-Free,GEStyle,Light Bulbs,74,12.33,P - Electronics & Accessories,P1,Bottom Shelf (1)
SKU200217,Resistance Bands Set 5-pack - Decaf,FitnessFlex,Fitness,7,16.76,R - Sports & Outdoors,R1,Top Shelf (4)
SKU200218,Baby Carrots 1lb - Sugar-Free,CrunchFarm,Vegetables,98,1.62,A - Fresh Produce,A4,Upper-Middle Shelf (3)
SKU200219,USB-C Charging Cable 6ft - Family Size,AmazonBasics,Phone Accessories,48,14.07,P - Electronics & Accessories,P1,Lower-Middle Shelf (2)
SKU200220,Liquid Laundry Detergent 92oz - Value Size,TideStyle,Laundry Detergent,67,12.01,N - Laundry,N2,Lower-Middle Shelf (2)
SKU200221,Red Seedless Grapes 2lb - XL Pack,SunHarvest,Fruits,92,6.37,A - Fresh Produce,A4,Top Shelf (4)
SKU200222,Diced Tomatoes 14.5oz - Organic,HuntStyle,Canned Tomatoes,24,1.45,I - Canned & Packaged Goods,I1,Bottom Shelf (1)
SKU200223,Basketball Size 5 - XL Pack,SportStyle,Sports Toys,76,14.52,Q - Toys & Games,Q1,Top Shelf (4)
SKU200224,Cherry Tomatoes 10oz - Organic,TomatoKing,Vegetables,29,4.6,A - Fresh Produce,A2,Bottom Shelf (1)
SKU200225,Frozen Stir Fry Vegetables 16oz - Sugar-Free,BirdsEyeFarm,Frozen Vegetables,73,2.88,E - Frozen Foods,E3,Upper-Middle Shelf (3)
SKU200226,Canned Tuna in Water 5oz - Sugar-Free,BumbleBeeStyle,Canned Fish,66,2.11,I - Canned & Packaged Goods,I2,Top Shelf (4)
SKU200227,Sunscreen SPF50 3oz - Sugar-Free,NeutStyle,Skin Care,112,8.42,K - Health & Beauty,K2,Top Shelf (4)
SKU200228,Ibuprofen 200mg 100-count - XL Pack,AdvilStyle,Pain Relief,85,13.31,V - Pharmacy & Wellness,V4,Upper-Middle Shelf (3)
SKU200229,Nerf Blaster Basic - Low-Sodium,HasbroStyle,Outdoor Toys,96,13.56,Q - Toys & Games,Q4,Lower-Middle Shelf (2)
SKU200230,Chicken Noodle Soup 10.75oz - Sugar-Free,CampbellStyle,Soup,59,2.09,I - Canned & Packaged Goods,I1,Top Shelf (4)
SKU200231,Nerf Blaster Basic - Travel Size,HasbroStyle,Outdoor Toys,42,16.07,Q - Toys & Games,Q1,Top Shelf (4)
SKU200232,Aluminum Foil 75sqft - Value Size,ReyStyle,Wraps,6,5.28,O - Paper & Disposables,O3,Top Shelf (4)
SKU200233,Zucchini (each) - Value Size,FreshFarm,Vegetables,92,0.92,A - Fresh Produce,A2,Top Shelf (4)
SKU200234,Oat Circles 12oz - Decaf,CheerioStyle,Cereal,27,4.34,H - Breakfast & Cereal,H2,Bottom Shelf (1)
SKU200235,Wet Dog Food 13oz (12-pack) - Organic,PurinaStyle,Dog Food,50,24.44,U - Pet Supplies,U2,Upper-Middle Shelf (3)
SKU200236,Conditioner Strengthening 12oz - Low-Sodium,DoveHair,Hair Care,39,6.75,K - Health & Beauty,K3,Upper-Middle Shelf (3)
SKU200237,Thermometer Digital - Family Size,OmronStyle,First Aid,92,11.25,V - Pharmacy & Wellness,V4,Upper-Middle Shelf (3)
SKU200238,Corn Flakes 18oz - Decaf,KellogStyle,Cereal,110,4.58,H - Breakfast & Cereal,H2,Lower-Middle Shelf (2)
SKU200239,Pineapple (whole) - Sugar-Free,TropicFresh,Fruits,92,3.91,A - Fresh Produce,A4,Upper-Middle Shelf (3)
SKU200240,Lemon-Lime Soda 12-pack 12oz - Organic,CitrusPop,Soda,106,6.18,F - Beverages,F2,Top Shelf (4)
SKU200241,Balloons 15-count - Decaf,FestiveStyle,Party Supplies,92,3.42,X - Seasonal & Holiday,X4,Top Shelf (4)
SKU200242,Sports Drink Lemon 8-pack 20oz - Decaf,GatorStyle,Sports Drinks,62,6.88,F - Beverages,F2,Bottom Shelf (1)
SKU200243,Spiral Notebook College Ruled - XL Pack,MeadStyle,Notebooks,104,5.54,W - Office & Stationery,W1,Bottom Shelf (1)
SKU200244,Scrabble Board Game - Travel Size,HasbroStyle,Board Games,90,27.78,Q - Toys & Games,Q2,Bottom Shelf (1)
SKU200245,Pancake Mix 32oz - Family Size,AuntJemimaStyle,Pancake Mix,85,4.55,H - Breakfast & Cereal,H4,Top Shelf (4)
SKU200246,Pineapple (whole) - XL Pack,TropicFresh,Fruits,2,3.86,A - Fresh Produce,A3,Upper-Middle Shelf (3)
SKU200247,Pineapple (whole) - Low-Sodium,TropicFresh,Fruits,13,4.49,A - Fresh Produce,A1,Lower-Middle Shelf (2)
SKU200248,White Rice Long Grain 5lb - Organic,MaisenaStyle,Rice,45,6.77,I - Canned & Packaged Goods,I3,Top Shelf (4)
SKU200249,Chicken Thighs Bone-In 3lb - Decaf,FarmFirst,Poultry,31,11.02,C - Meat & Seafood,C2,Upper-Middle Shelf (3)
SKU200250,Ground Turkey 93/7 1lb - XL Pack,FarmFirst,Poultry,70,4.75,C - Meat & Seafood,C4,Bottom Shelf (1)
SKU200251,Strawberries 1lb - Travel Size,BerryBest,Fruits,82,2.99,A - Fresh Produce,A3,Bottom Shelf (1)
SKU200252,Tape Rolls 3-pack - XL Pack,ScotchStyle,Tape,88,5.76,W - Office & Stationery,W4,Upper-Middle Shelf (3)
SKU200253,Romaine Hearts 3-pack - Value Size,GreenGrow,Vegetables,69,4.21,A - Fresh Produce,A1,Lower-Middle Shelf (2)
SKU200254,Baby Wipes 72-count - XL Pack,WipesPlus,Baby Wipes,96,5.88,L - Baby & Toddler,L4,Bottom Shelf (1)
SKU200255,Sunscreen SPF50 3oz - Travel Size,NeutStyle,Skin Care,108,11.94,K - Health & Beauty,K4,Upper-Middle Shelf (3)
SKU200256,Lightning Cable 6ft - Travel Size,AmazonBasics,Phone Accessories,10,13.52,P - Electronics & Accessories,P3,Bottom Shelf (1)
SKU200257,Whole Wheat Bread 20oz - Low-Sodium,WonderBake,Bread,77,3.17,D - Bakery & Bread,D4,Upper-Middle Shelf (3)
SKU200258,Garlic Bulb (each) - Sugar-Free,EarthFresh,Vegetables,29,0.93,A - Fresh Produce,A3,Top Shelf (4)
SKU200259,Insect Repellent Spray 4oz - Travel Size,OFFStyle,Outdoor,10,9.56,R - Sports & Outdoors,R3,Lower-Middle Shelf (2)
SKU200260,Sour Cream 16oz - Value Size,DairyPure,Cream,100,2.46,B - Dairy & Eggs,B2,Top Shelf (4)
SKU200261,Baby Shampoo 13oz - Decaf,JohnsonStyle,Baby Care,39,4.8,L - Baby & Toddler,L4,Upper-Middle Shelf (3)
SKU200262,Italian Dressing 16oz - Value Size,KraftStyle,Dressing,57,2.67,J - Condiments & Sauces,J4,Bottom Shelf (1)
SKU200263,Russet Potatoes 5lb - Value Size,EarthFresh,Vegetables,76,4.49,A - Fresh Produce,A3,Top Shelf (4)
SKU200264,Avocado (each) - Sugar-Free,GreenGold,Fruits,92,1.08,A - Fresh Produce,A2,Lower-Middle Shelf (2)
SKU200265,AAA Batteries 20-pack - Travel Size,DuracellStyle,Batteries,63,11.65,P - Electronics & Accessories,P2,Bottom Shelf (1)
SKU200266,Green Tea Bags 40-count - Low-Sodium,BigelowStyle,Tea,100,4.26,F - Beverages,F1,Upper-Middle Shelf (3)
SKU200267,Chicken Broth 32oz - Organic,SwansonStyle,Broth,78,3.25,I - Canned & Packaged Goods,I2,Top Shelf (4)
SKU200268,Croissants 4-pack - Travel Size,PastryCo,Pastry,42,5.06,D - Bakery & Bread,D4,Upper-Middle Shelf (3)
SKU200269,Kids Socks 6-pack Sz 4-7 - Decaf,HanesStyle,Kids Clothing,83,9.9,S - Clothing & Apparel,S2,Upper-Middle Shelf (3)
SKU200270,Baby Formula Powder 20oz - Organic,SimiStyle,Baby Formula,50,22.69,L - Baby & Toddler,L3,Upper-Middle Shelf (3)
SKU200271,Pet Waste Bags 100-count - Organic,PetStyle,Dog Accessories,100,6.16,U - Pet Supplies,U4,Upper-Middle Shelf (3)
SKU200272,Corn Tortillas 30-pack - Organic,MissionBake,Tortillas,87,4.6,D - Bakery & Bread,D1,Top Shelf (4)
SKU200273,Raisin Bran 20oz - Family Size,KellogStyle,Cereal,8,6.1,H - Breakfast & Cereal,H4,Top Shelf (4)
SKU200274,Frozen Stir Fry Vegetables 16oz - Sugar-Free,BirdsEyeFarm,Frozen Vegetables,91,2.9,E - Frozen Foods,E4,Top Shelf (4)
SKU200275,Sour Cream 16oz - Family Size,DairyPure,Cream,51,3.72,B - Dairy & Eggs,B4,Bottom Shelf (1)
SKU200276,Paper Towels Double Roll 6-pack - Value Size,BountyStyle,Paper Towels,85,10.51,O - Paper & Disposables,O3,Lower-Middle Shelf (2)
SKU200277,Iceberg Lettuce (head) - Low-Sodium,GreenGrow,Vegetables,101,2.2,A - Fresh Produce,A4,Bottom Shelf (1)
SKU200278,Blueberries 6oz - Value Size,BerryBest,Fruits,66,2.93,A - Fresh Produce,A2,Top Shelf (4)
SKU200279,Quart Zip Bags 40-count - Low-Sodium,ZiplocStyle,Bags,88,3.92,O - Paper & Disposables,O2,Upper-Middle Shelf (3)
SKU200280,Spinach 5oz bag - Family Size,GreenGrow,Vegetables,10,2.61,A - Fresh Produce,A1,Lower-Middle Shelf (2)
SKU200281,Liquid Laundry Detergent 92oz - Sugar-Free,TideStyle,Laundry Detergent,66,13.51,N - Laundry,N4,Upper-Middle Shelf (3)
SKU200282,Oven Mitts Pair - Value Size,SafeStyle,Kitchen Accessories,40,9.95,T - Home & Kitchen,T1,Upper-Middle Shelf (3)
SKU200283,Iceberg Lettuce (head) - Value Size,GreenGrow,Vegetables,13,1.22,A - Fresh Produce,A2,Lower-Middle Shelf (2)
SKU200284,Mechanical Pencils 5-pack - Travel Size,PentelStyle,Pencils,54,7.11,W - Office & Stationery,W4,Lower-Middle Shelf (2)
SKU200285,Crayons 64-count - Travel Size,CrayolaStyle,Art Supplies,50,6.97,Q - Toys & Games,Q1,Lower-Middle Shelf (2)
SKU200286,Non-stick Frying Pan 10in - Low-Sodium,CalpStyle,Cookware,26,26.79,T - Home & Kitchen,T3,Bottom Shelf (1)
SKU200287,Bagels 6-pack - Travel Size,BagelBros,Bagels,14,4.0,D - Bakery & Bread,D3,Top Shelf (4)
SKU200288,Tape Rolls 3-pack - Decaf,ScotchStyle,Tape,75,7.3,W - Office & Stationery,W1,Upper-Middle Shelf (3)
SKU200289,Fabric Softener 51oz - Family Size,DownyStyle,Fabric Softener,90,9.84,N - Laundry,N3,Bottom Shelf (1)
SKU200290,Ice Cream Vanilla 1.5qt - Decaf,BreemerStyle,Ice Cream,23,4.84,E - Frozen Foods,E3,Lower-Middle Shelf (2)
SKU200291,Bandage Assorted 80-count - Low-Sodium,BandAidStyle,First Aid,49,6.55,V - Pharmacy & Wellness,V4,Lower-Middle Shelf (2)
SKU200292,Dog Treats Biscuits 16oz - Travel Size,MillBoneStyle,Dog Treats,17,7.12,U - Pet Supplies,U2,Upper-Middle Shelf (3)
SKU200293,Non-stick Frying Pan 10in - XL Pack,CalpStyle,Cookware,62,35.13,T - Home & Kitchen,T2,Lower-Middle Shelf (2)
SKU200294,Lightning Cable 6ft - Family Size,AmazonBasics,Phone Accessories,90,10.85,P - Electronics & Accessories,P4,Top Shelf (4)
SKU200295,Green Tea Bags 40-count - Value Size,BigelowStyle,Tea,28,5.13,F - Beverages,F3,Bottom Shelf (1)
SKU200296,Vegetable Oil 48oz - Organic,CriscoStyle,Oil,58,5.87,J - Condiments & Sauces,J4,Bottom Shelf (1)
SKU200297,Corn Tortillas 30-pack - Sugar-Free,MissionBake,Tortillas,46,5.09,D - Bakery & Bread,D1,Top Shelf (4)
SKU200298,Gift Bags Assorted 4-pack - Organic,AmericanStyle,Gift Wrap,106,5.96,X - Seasonal & Holiday,X2,Upper-Middle Shelf (3)
SKU200299,Baby Carrots 1lb - Family Size,CrunchFarm,Vegetables,11,1.47,A - Fresh Produce,A4,Bottom Shelf (1)
SKU200300,Canned Tuna in Water 5oz - Organic,BumbleBeeStyle,Canned Fish,44,2.04,I - Canned & Packaged Goods,I4,Lower-Middle Shelf (2)
SKU200301,Frozen Stir Fry Vegetables 16oz - Organic,BirdsEyeFarm,Frozen Vegetables,72,4.09,E - Frozen Foods,E3,Upper-Middle Shelf (3)
SKU200302,Air Freshener Spray 8.3oz - Travel Size,FebrezeStyle,Home Fragrance,37,5.12,X - Seasonal & Holiday,X3,Bottom Shelf (1)
SKU200303,Ice Cream Chocolate 1.5qt - Low-Sodium,BreemerStyle,Ice Cream,110,7.92,E - Frozen Foods,E2,Lower-Middle Shelf (2)
SKU200304,Vegetable Broth 32oz - Travel Size,SwansonStyle,Broth,97,3.23,I - Canned & Packaged Goods,I4,Top Shelf (4)
SKU200305,Edamame Shelled 16oz - Sugar-Free,SeaBestFarm,Frozen Vegetables,9,4.33,E - Frozen Foods,E1,Top Shelf (4)
SKU200306,Ballpoint Pens Blue 10-pack - Sugar-Free,BicStyle,Pens,58,6.42,W - Office & Stationery,W4,Upper-Middle Shelf (3)
SKU200307,Red Seedless Grapes 2lb - Value Size,SunHarvest,Fruits,85,5.63,A - Fresh Produce,A3,Bottom Shelf (1)
SKU200308,Index Cards 3x5 200-count - Low-Sodium,AvStyle,Notes,27,3.32,W - Office & Stationery,W4,Upper-Middle Shelf (3)
SKU200309,Baby Food Stage 2 4oz (6-pack) - Sugar-Free,GerberStyle,Baby Food,72,8.28,L - Baby & Toddler,L4,Upper-Middle Shelf (3)
SKU200310,Cherry Tomatoes 10oz - XL Pack,TomatoKing,Vegetables,58,3.04,A - Fresh Produce,A1,Bottom Shelf (1)
SKU200311,Apple Juice 64oz - Family Size,MottsStyle,Juice,54,4.47,F - Beverages,F2,Lower-Middle Shelf (2)
SKU200312,Hand Lotion 7oz - Travel Size,CeraVeStyle,Skin Care,11,10.58,K - Health & Beauty,K3,Upper-Middle Shelf (3)
SKU200313,85/15 Ground Beef 1lb - Decaf,RanchSelect,Beef,6,6.69,C - Meat & Seafood,C4,Upper-Middle Shelf (3)
SKU200314,Canned Black Beans 15oz - Low-Sodium,BushStyle,Canned Beans,0,1.5,I - Canned & Packaged Goods,I2,Top Shelf (4)
SKU200315,Boneless Chicken Breast 2lb - Travel Size,FarmFirst,Poultry,56,8.5,C - Meat & Seafood,C1,Bottom Shelf (1)
SKU200316,Rubber Gloves M (pair) - Value Size,PlaytexStyle,Cleaning Tools,16,5.95,M - Household Cleaning,M4,Bottom Shelf (1)
SKU200317,Diced Tomatoes 14.5oz - Low-Sodium,HuntStyle,Canned Tomatoes,13,1.11,I - Canned & Packaged Goods,I3,Upper-Middle Shelf (3)
SKU200318,Sunscreen SPF50 3oz - Travel Size,NeutStyle,Skin Care,111,10.67,K - Health & Beauty,K2,Lower-Middle Shelf (2)
SKU200319,Sliced American Cheese 16oz - XL Pack,KraftValu,Cheese,44,5.51,B - Dairy & Eggs,B2,Lower-Middle Shelf (2)
SKU200320,UNO Card Game - Family Size,MattelStyle,Card Games,12,9.8,Q - Toys & Games,Q2,Bottom Shelf (1)
SKU200321,Lightning Cable 6ft - Decaf,AmazonBasics,Phone Accessories,17,14.73,P - Electronics & Accessories,P2,Upper-Middle Shelf (3)
SKU200322,Beef Sirloin Steak 1lb - Organic,RanchSelect,Beef,77,11.86,C - Meat & Seafood,C3,Bottom Shelf (1)
SKU200323,Hand Lotion 7oz - Organic,CeraVeStyle,Skin Care,95,8.71,K - Health & Beauty,K4,Upper-Middle Shelf (3)
SKU200324,Oat Milk Original 64oz - Organic,OatlyFarm,Milk Alternatives,63,5.72,B - Dairy & Eggs,B1,Bottom Shelf (1)
SKU200325,Paper Towels Double Roll 6-pack - Decaf,BountyStyle,Paper Towels,72,10.7,O - Paper & Disposables,O4,Upper-Middle Shelf (3)
SKU200326,Gift Bags Assorted 4-pack - Travel Size,AmericanStyle,Gift Wrap,98,5.32,X - Seasonal & Holiday,X1,Bottom Shelf (1)
SKU200327,Shredded Mozzarella 2lb - XL Pack,GaldaCheese,Cheese,7,7.37,B - Dairy & Eggs,B4,Upper-Middle Shelf (3)
SKU200328,Allergy Relief 24-hour 30ct - Low-Sodium,ClaritStyle,Allergy,81,16.44,V - Pharmacy & Wellness,V2,Upper-Middle Shelf (3)
SKU200329,85/15 Ground Beef 1lb - Sugar-Free,RanchSelect,Beef,103,4.52,C - Meat & Seafood,C2,Upper-Middle Shelf (3)
SKU200330,HDMI Cable 6ft - Value Size,AmazonBasics,Cables,108,8.13,P - Electronics & Accessories,P2,Bottom Shelf (1)
SKU200331,Pasta Penne 16oz - Value Size,BarillaStyle,Pasta,78,2.88,I - Canned & Packaged Goods,I1,Upper-Middle Shelf (3)
SKU200332,Potato Chips Original 8oz - Value Size,LayStyle,Chips,1,3.47,G - Snacks & Confectionery,G2,Top Shelf (4)
SKU200333,Trash Bags 33gal 20-count - Sugar-Free,GladStyle,Trash Bags,99,7.33,M - Household Cleaning,M3,Bottom Shelf (1)
SKU200334,Garlic Bulb (each) - Decaf,EarthFresh,Vegetables,8,0.94,A - Fresh Produce,A3,Bottom Shelf (1)
SKU200335,Acetaminophen 500mg 100-count - Family Size,TylenStyle,Pain Relief,109,9.83,V - Pharmacy & Wellness,V2,Upper-Middle Shelf (3)
SKU200336,Apple Juice 64oz - Sugar-Free,MottsStyle,Juice,86,5.35,F - Beverages,F1,Lower-Middle Shelf (2)
SKU200337,Vitamin C 1000mg 60-count - XL Pack,NatureStyle,Vitamins,31,8.3,V - Pharmacy & Wellness,V1,Top Shelf (4)
SKU200338,Facial Tissues 3-box pack - Low-Sodium,KleenStyle,Facial Tissues,109,8.65,O - Paper & Disposables,O1,Top Shelf (4)
SKU200339,Strawberry Jam 18oz - Decaf,SmuckerStyle,Jam,40,3.4,H - Breakfast & Cereal,H3,Bottom Shelf (1)
SKU200340,Plastic Wrap 200sqft - Value Size,GladStyle,Wraps,22,4.59,O - Paper & Disposables,O2,Bottom Shelf (1)
SKU200341,LEGO Classic 200-piece set - Value Size,LEGO,Building Toys,99,28.26,Q - Toys & Games,Q3,Upper-Middle Shelf (3)
SKU200342,Pork Tenderloin 1.5lb - Family Size,PrimeChop,Pork,72,6.44,C - Meat & Seafood,C3,Lower-Middle Shelf (2)
SKU200343,Colander 5qt - Decaf,CalpStyle,Kitchen Tools,98,15.77,T - Home & Kitchen,T2,Lower-Middle Shelf (2)
SKU200344,Diet Cola 12-pack 12oz - XL Pack,ColaKing,Soda,69,8.7,F - Beverages,F3,Bottom Shelf (1)
SKU200345,Dishwasher Pods 30-count - XL Pack,CascadeStyle,Dish Care,94,11.97,M - Household Cleaning,M3,Bottom Shelf (1)
SKU200346,Frosted Flakes 19.2oz - Organic,KellogStyle,Cereal,18,5.24,H - Breakfast & Cereal,H3,Bottom Shelf (1)
SKU200347,Iceberg Lettuce (head) - Organic,GreenGrow,Vegetables,89,2.13,A - Fresh Produce,A3,Top Shelf (4)
SKU200348,Beef Sirloin Steak 1lb - Value Size,RanchSelect,Beef,50,11.53,C - Meat & Seafood,C1,Bottom Shelf (1)
SKU200349,Camping Lantern LED - Travel Size,CampStyle,Camping,40,14.48,R - Sports & Outdoors,R4,Upper-Middle Shelf (3)
